Datetime,Water Level (m)
2025-03-09 00:00:00,-0.4841957
2025-03-09 01:00:00,-0.58983064
2025-03-09 02:00:00,-0.6538646
2025-03-09 03:00:00,-0.5926485
2025-03-09 04:00:00,-0.40918997
2025-03-09 05:00:00,-0.21038224
2025-03-09 06:00:00,-0.028468031
2025-03-09 07:00:00,0.055666223
2025-03-09 08:00:00,0.031452533
2025-03-09 09:00:00,-0.1003226
2025-03-09 10:00:00,-0.2630257
2025-03-09 11:00:00,-0.4226648
2025-03-09 12:00:00,-0.5606036
2025-03-09 13:00:00,-0.65231514
2025-03-09 14:00:00,-0.62877154
2025-03-09 15:00:00,-0.41656372
2025-03-09 16:00:00,-0.18034688
2025-03-09 17:00:00,0.0937319
2025-03-09 18:00:00,0.35399425
2025-03-09 19:00:00,0.5011419
2025-03-09 20:00:00,0.46671113
2025-03-09 21:00:00,0.2587567
2025-03-09 22:00:00,0.026447678
2025-03-09 23:00:00,-0.17126921
2025-03-10 00:00:00,-0.36070704
2025-03-10 01:00:00,-0.55045074
2025-03-10 02:00:00,-0.6907728
2025-03-10 03:00:00,-0.79334116
2025-03-10 04:00:00,-0.7366061
2025-03-10 05:00:00,-0.45026645
2025-03-10 06:00:00,-0.19914488
2025-03-10 07:00:00,0.032494757
2025-03-10 08:00:00,0.14068149
2025-03-10 09:00:00,0.12849146
2025-03-10 10:00:00,-0.03224602
2025-03-10 11:00:00,-0.21263815
2025-03-10 12:00:00,-0.38700667
2025-03-10 13:00:00,-0.5542276
2025-03-10 14:00:00,-0.683332
2025-03-10 15:00:00,-0.72277784
2025-03-10 16:00:00,-0.45749453
2025-03-10 17:00:00,-0.17715156
2025-03-10 18:00:00,0.13275951
2025-03-10 19:00:00,0.4217933
2025-03-10 20:00:00,0.58653396
2025-03-10 21:00:00,0.539388
2025-03-10 22:00:00,0.3131291
2025-03-10 23:00:00,0.07584187
2025-03-11 00:00:00,-0.1298087
2025-03-11 01:00:00,-0.32753852
2025-03-11 02:00:00,-0.52538353
2025-03-11 03:00:00,-0.6722975
2025-03-11 04:00:00,-0.7629102
2025-03-11 05:00:00,-0.55528873
2025-03-11 06:00:00,-0.23242499
2025-03-11 07:00:00,0.05853471
2025-03-11 08:00:00,0.3004847
2025-03-11 09:00:00,0.3772916
2025-03-11 10:00:00,0.26899645
2025-03-11 11:00:00,0.04320407
2025-03-11 12:00:00,-0.15625127
2025-03-11 13:00:00,-0.3383851
2025-03-11 14:00:00,-0.5232623
2025-03-11 15:00:00,-0.6643905
2025-03-11 16:00:00,-0.6664244
2025-03-11 17:00:00,-0.33089897
2025-03-11 18:00:00,-0.017063051
2025-03-11 19:00:00,0.3410652
2025-03-11 20:00:00,0.6252178
2025-03-11 21:00:00,0.7485805
2025-03-11 22:00:00,0.60865
2025-03-11 23:00:00,0.32949612
2025-03-12 00:00:00,0.08884505
2025-03-12 01:00:00,-0.115233146
2025-03-12 02:00:00,-0.3248889
2025-03-12 03:00:00,-0.5197874
2025-03-12 04:00:00,-0.6550271
2025-03-12 05:00:00,-0.637833
2025-03-12 06:00:00,-0.23983666
2025-03-12 07:00:00,0.08183226
2025-03-12 08:00:00,0.41848505
2025-03-12 09:00:00,0.5906139
2025-03-12 10:00:00,0.5995286
2025-03-12 11:00:00,0.3686248
2025-03-12 12:00:00,0.1275086
2025-03-12 13:00:00,-0.074673414
2025-03-12 14:00:00,-0.25886047
2025-03-12 15:00:00,-0.455693
2025-03-12 16:00:00,-0.5801181
2025-03-12 17:00:00,-0.4252198
2025-03-12 18:00:00,-0.037201058
2025-03-12 19:00:00,0.34885135
2025-03-12 20:00:00,0.72828
2025-03-12 21:00:00,0.9347271
2025-03-12 22:00:00,0.9279069
2025-03-12 23:00:00,0.6640159
2025-03-13 00:00:00,0.38025126
2025-03-13 01:00:00,0.14401641
2025-03-13 02:00:00,-0.06658021
2025-03-13 03:00:00,-0.28686503
2025-03-13 04:00:00,-0.46805596
2025-03-13 05:00:00,-0.56883043
2025-03-13 06:00:00,-0.2514911
2025-03-13 07:00:00,0.12642507
2025-03-13 08:00:00,0.5056832
2025-03-13 09:00:00,0.7712972
2025-03-13 10:00:00,0.86025447
2025-03-13 11:00:00,0.6978248
2025-03-13 12:00:00,0.41394207
2025-03-13 13:00:00,0.1770897
2025-03-13 14:00:00,-0.022048607
2025-03-13 15:00:00,-0.22364765
2025-03-13 16:00:00,-0.41032723
2025-03-13 17:00:00,-0.47768813
2025-03-13 18:00:00,-0.09107239
2025-03-13 19:00:00,0.2802212
2025-03-13 20:00:00,0.7111933
2025-03-13 21:00:00,0.9941885
2025-03-13 22:00:00,1.1004695
2025-03-13 23:00:00,0.9110152
2025-03-14 00:00:00,0.5985387
2025-03-14 01:00:00,0.33365896
2025-03-14 02:00:00,0.11464345
2025-03-14 03:00:00,-0.11193091
2025-03-14 04:00:00,-0.32613873
2025-03-14 05:00:00,-0.47795492
2025-03-14 06:00:00,-0.43177214
2025-03-14 07:00:00,0.04531756
2025-03-14 08:00:00,0.42864603
2025-03-14 09:00:00,0.7763625
2025-03-14 10:00:00,0.9140496
2025-03-14 11:00:00,0.85663813
2025-03-14 12:00:00,0.5727918
2025-03-14 13:00:00,0.3146295
2025-03-14 14:00:00,0.09764448
2025-03-14 15:00:00,-0.10528752
2025-03-14 16:00:00,-0.31099746
2025-03-14 17:00:00,-0.4585568
2025-03-14 18:00:00,-0.3830328
2025-03-14 19:00:00,0.09667506
2025-03-14 20:00:00,0.5059597
2025-03-14 21:00:00,0.89073247
2025-03-14 22:00:00,1.0575379
2025-03-14 23:00:00,1.0155671
2025-03-15 00:00:00,0.71634394
